id,first_name,last_name,email,gender
1,Terrie,Grimsey,tgrimsey0@ameblo.jp,Female
2,Decca,Copes,dcopes1@hubpages.com,Male
3,Ara,Leworthy,aleworthy2@sitemeter.com,Female
4,Stanleigh,Infante,sinfante3@microsoft.com,Male
5,Sigismund,Farfalameev,sfarfalameev4@mapy.cz,Male
6,Bailey,Leatherborrow,bleatherborrow5@patch.com,Male
7,Faydra,Branston,fbranston6@mac.com,Female
8,Theodor,Dessant,tdessant7@noaa.gov,Genderfluid
9,Hyacinthie,Ridolfi,hridolfi8@uol.com.br,Female
10,Tabb,Dunnan,tdunnan9@psu.edu,Male
11,Eugenie,Charlton,echarltona@elegantthemes.com,Female
12,Nerita,Winslade,nwinsladeb@free.fr,Female
13,Gabe,Lansdown,glansdownc@ow.ly,Male
14,Buddie,Elsmore,belsmored@chronoengine.com,Male
15,Brnaby,Marvelley,bmarvelleye@geocities.jp,Male
16,Zia,Borghese,zborghesef@senate.gov,Agender
17,Vite,Bickerdyke,vbickerdykeg@pcworld.com,Male
18,Kingsley,Osselton,kosseltonh@vimeo.com,Male
19,Earle,Kincla,ekinclai@so-net.ne.jp,Male
20,Cad,Gonthard,cgonthardj@walmart.com,Male
21,Marybeth,McMearty,mmcmeartyk@samsung.com,Female
22,Edgard,Braithwaite,ebraithwaitel@usda.gov,Male
23,Jabez,Andreaccio,jandreacciom@1und1.de,Polygender
24,Denney,Kindleside,dkindlesiden@dedecms.com,Male
25,Niall,Crossthwaite,ncrossthwaiteo@archive.org,Male
26,Walton,Spadotto,wspadottop@yale.edu,Male
27,Melanie,Gaveltone,mgaveltoneq@51.la,Female
28,Roxanne,Baybutt,rbaybuttr@upenn.edu,Female
29,Anthe,Haythorne,ahaythornes@e-recht24.de,Female
30,Phillipp,Burgne,pburgnet@g.co,Male
31,Michail,Puden,mpudenu@smugmug.com,Agender
32,Chane,Bines,cbinesv@microsoft.com,Male
33,Anica,MacNaughton,amacnaughtonw@edublogs.org,Non-binary
34,Eloisa,Bodechon,ebodechonx@paypal.com,Female
35,Jenn,Culham,jculhamy@parallels.com,Female
36,Marcel,Hughill,mhughillz@wiley.com,Male
37,Lion,de la Valette Parisot,ldelavaletteparisot10@google.ca,Male
38,Elayne,Benger,ebenger11@usa.gov,Female
39,Meier,Darwent,mdarwent12@walmart.com,Male
40,Cammy,Yoakley,cyoakley13@aol.com,Male
41,Barbe,Collet,bcollet14@github.io,Female
42,Delbert,Chiplen,dchiplen15@unc.edu,Male
43,Klarika,Gwyer,kgwyer16@ezinearticles.com,Female
44,Arvie,Billings,abillings17@princeton.edu,Male
45,Lonee,Rasher,lrasher18@state.tx.us,Female
46,Merridie,O'Rowane,morowane19@nhs.uk,Female
47,Davina,Mabe,dmabe1a@studiopress.com,Female
48,Stephanie,Lingwood,slingwood1b@google.ru,Female
49,Junina,Gabbatt,jgabbatt1c@cdbaby.com,Female
50,Sebastiano,Creamen,screamen1d@europa.eu,Male
51,Dino,Whittington,dwhittington1e@friendfeed.com,Male
52,Jdavie,Crankhorn,jcrankhorn1f@cafepress.com,Male
53,Orelee,Redholls,oredholls1g@simplemachines.org,Female
54,Bella,Felipe,bfelipe1h@shinystat.com,Female
55,Barbi,Arends,barends1i@xing.com,Female
56,Jorry,Spellworth,jspellworth1j@psu.edu,Female
57,Regen,O'Hagerty,rohagerty1k@miibeian.gov.cn,Male
58,Jorie,Isaq,jisaq1l@nih.gov,Female
59,Bobbye,Holdworth,bholdworth1m@salon.com,Female
60,Haley,McVitie,hmcvitie1n@diigo.com,Polygender
61,Ambrosi,Dickinson,adickinson1o@soup.io,Male
62,Mair,Buckett,mbuckett1p@wix.com,Female
63,Jesselyn,Thrustle,jthrustle1q@simplemachines.org,Female
64,Archibald,Denziloe,adenziloe1r@reference.com,Male
65,Augusto,Willeman,awilleman1s@independent.co.uk,Non-binary
66,Stillmann,Yggo,syggo1t@cam.ac.uk,Male
67,Ellissa,Bargery,ebargery1u@si.edu,Polygender
68,Henryetta,Yude,hyude1v@webs.com,Female
69,Fredrick,O'Hederscoll,fohederscoll1w@squidoo.com,Male
70,Ingeberg,MacKeig,imackeig1x@oaic.gov.au,Agender
71,Ardra,Vallens,avallens1y@last.fm,Female
72,Kris,Domini,kdomini1z@globo.com,Male
73,Randolf,Woolsey,rwoolsey20@vkontakte.ru,Male
74,Town,Petroff,tpetroff21@yelp.com,Male
75,Kimberlee,Surgeon,ksurgeon22@360.cn,Female
76,Bryana,Rawcliffe,brawcliffe23@census.gov,Female
77,Belia,Emanulsson,bemanulsson24@yahoo.co.jp,Female
78,Jerrome,Malinson,jmalinson25@google.ca,Male
79,Aurel,Inmett,ainmett26@disqus.com,Female
80,Nicol,Phipson,nphipson27@howstuffworks.com,Female
81,Claribel,Raisher,craisher28@slashdot.org,Female
82,Erina,Leipoldt,eleipoldt29@senate.gov,Female
83,Lucius,Orred,lorred2a@gravatar.com,Male
84,Archaimbaud,Lawley,alawley2b@amazonaws.com,Male
85,Neely,Scones,nscones2c@sun.com,Female
86,Davie,Staning,dstaning2d@marriott.com,Male
87,Jonah,Kick,jkick2e@issuu.com,Male
88,Alejoa,Giorio,agiorio2f@wordpress.org,Male
89,Godard,Earlam,gearlam2g@umich.edu,Male
90,Olva,Samuel,osamuel2h@reference.com,Female
91,Donni,Sebyer,dsebyer2i@instagram.com,Female
92,Kevyn,Lockner,klockner2j@dropbox.com,Female
93,Renate,Scouse,rscouse2k@live.com,Female
94,Crichton,Gullis,cgullis2l@huffingtonpost.com,Male
95,Brendis,Deering,bdeering2m@artisteer.com,Male
96,Euell,Arnhold,earnhold2n@ibm.com,Male
97,Homerus,Godsmark,hgodsmark2o@spotify.com,Male
98,Claudian,Marham,cmarham2p@lulu.com,Male
99,Ailee,Houlden,ahoulden2q@cornell.edu,Female
100,Gratiana,Butts,gbutts2r@list-manage.com,Female
101,Lawrence,Swanbourne,lswanbourne2s@webeden.co.uk,Male
102,Kania,Abel,kabel2t@cbsnews.com,Female
103,Esta,Radbone,eradbone2u@usda.gov,Female
104,Sheila,Horsburgh,shorsburgh2v@globo.com,Female
105,Hayyim,Mardell,hmardell2w@vkontakte.ru,Male
106,Winny,Mitcham,wmitcham2x@narod.ru,Male
107,Sigrid,Foulsham,sfoulsham2y@baidu.com,Female
108,Madeleine,Snalom,msnalom2z@barnesandnoble.com,Female
109,Devora,Holliar,dholliar30@tinyurl.com,Female
110,Gussi,Bartles,gbartles31@blogger.com,Female
111,Gerardo,Mewrcik,gmewrcik32@webnode.com,Male
112,Othilia,Boanas,oboanas33@booking.com,Female
113,Natalee,Selland,nselland34@xinhuanet.com,Female
114,Carey,Scimoni,cscimoni35@cam.ac.uk,Female
115,Fredric,Styche,fstyche36@aol.com,Male
116,Jozef,Broad,jbroad37@wordpress.com,Male
117,Terry,Scouse,tscouse38@google.com,Female
118,Chev,Roocroft,croocroft39@dailymotion.com,Male
119,Amory,Sante,asante3a@reuters.com,Male
120,Vanna,Coombs,vcoombs3b@discovery.com,Female
121,Frederique,Pascoe,fpascoe3c@hp.com,Female
122,Ayn,Simes,asimes3d@whitehouse.gov,Bigender
123,Elysha,Jovey,ejovey3e@bbb.org,Female
124,Dur,Timms,dtimms3f@parallels.com,Agender
125,Johannes,Annis,jannis3g@about.com,Male
126,Stanwood,Guerri,sguerri3h@icio.us,Male
127,Cele,Mowsdale,cmowsdale3i@eventbrite.com,Female
128,Kylila,McPheat,kmcpheat3j@ox.ac.uk,Female
129,Jarrad,O'Gavin,jogavin3k@usgs.gov,Male
130,Leese,Cutsforth,lcutsforth3l@twitpic.com,Female
131,Babbie,Osbourne,bosbourne3m@ibm.com,Female
132,Krystal,Weber,kweber3n@unblog.fr,Female
133,Gretchen,Whight,gwhight3o@ucoz.com,Female
134,Greta,Boliver,gboliver3p@marriott.com,Female
135,Lisetta,Aggott,laggott3q@abc.net.au,Female
136,Kristyn,Caldero,kcaldero3r@nature.com,Female
137,Ericka,Linham,elinham3s@people.com.cn,Female
138,Kelcie,Knudsen,kknudsen3t@squidoo.com,Female
139,Simone,Bevar,sbevar3u@netscape.com,Male
140,Ingemar,Schwartz,ischwartz3v@sina.com.cn,Male
141,Fulton,Dingivan,fdingivan3w@themeforest.net,Male
142,Skell,Baron,sbaron3x@ox.ac.uk,Genderqueer
143,Corena,Hurcombe,churcombe3y@latimes.com,Female
144,Bennett,Titchener,btitchener3z@pagesperso-orange.fr,Male
145,Teddy,Maidlow,tmaidlow40@opensource.org,Male
146,Kimberlyn,Rene,krene41@microsoft.com,Female
147,Cassius,Symmons,csymmons42@nyu.edu,Male
148,Basile,Cicculini,bcicculini43@shutterfly.com,Male
149,Mercie,Burnyate,mburnyate44@bravesites.com,Female
150,Ashla,Seavers,aseavers45@fastcompany.com,Female
151,Bren,Codman,bcodman46@columbia.edu,Male
152,Ninnetta,Elsby,nelsby47@cbc.ca,Female
153,Audry,Mayne,amayne48@webnode.com,Female
154,Noelle,Peaseman,npeaseman49@shop-pro.jp,Female
155,Waldo,Watmough,wwatmough4a@hostgator.com,Male
156,Hali,Thatcher,hthatcher4b@huffingtonpost.com,Female
157,Jordan,Slainey,jslainey4c@amazonaws.com,Non-binary
158,Lola,Gately,lgately4d@tamu.edu,Female
159,Oren,Kedge,okedge4e@who.int,Male
160,Alaster,Bims,abims4f@engadget.com,Male
161,Nate,Woodwind,nwoodwind4g@apache.org,Male
162,Christoforo,Thickin,cthickin4h@census.gov,Male
163,Shay,Fenelow,sfenelow4i@state.tx.us,Male
164,Gregorio,Rollings,grollings4j@reuters.com,Male
165,Dexter,Lumbly,dlumbly4k@columbia.edu,Male
166,Joete,Eakin,jeakin4l@themeforest.net,Female
167,Royal,Garken,rgarken4m@phoca.cz,Male
168,Lavinie,Vogele,lvogele4n@joomla.org,Female
169,Amalie,Crowne,acrowne4o@liveinternet.ru,Female
170,Dino,Greenig,dgreenig4p@phpbb.com,Male
171,Sonny,Mattevi,smattevi4q@google.com.hk,Agender
172,Wallas,Barten,wbarten4r@pen.io,Male
173,Krista,Bennough,kbennough4s@webs.com,Female
174,Dulcie,Hrynczyk,dhrynczyk4t@alexa.com,Female
175,Austin,Baty,abaty4u@shareasale.com,Male
176,Belle,Maxsted,bmaxsted4v@odnoklassniki.ru,Female
177,Alexio,Bohlin,abohlin4w@goo.ne.jp,Male
178,Bobina,Crimp,bcrimp4x@drupal.org,Female
179,Curcio,Maciejewski,cmaciejewski4y@tripod.com,Male
180,Joyan,O'Cannovane,jocannovane4z@php.net,Female
181,Rorie,Foskew,rfoskew50@bluehost.com,Female
182,Ramsay,Stanyland,rstanyland51@shinystat.com,Male
183,Marcelline,Sames,msames52@tinyurl.com,Female
184,Farand,Dailey,fdailey53@state.tx.us,Female
185,Rubetta,Elwin,relwin54@1und1.de,Female
186,Genevieve,Longea,glongea55@godaddy.com,Female
187,Madlin,Hakking,mhakking56@dot.gov,Female
188,Kiele,Gatesman,kgatesman57@weibo.com,Female
189,Cristen,Bovis,cbovis58@msu.edu,Female
190,Julian,Allaway,jallaway59@msu.edu,Male
191,Marcille,Dionisetti,mdionisetti5a@e-recht24.de,Female
192,Karel,Fogarty,kfogarty5b@themeforest.net,Male
193,Alwyn,Stanbro,astanbro5c@utexas.edu,Male
194,Viviyan,O'Hanlon,vohanlon5d@xinhuanet.com,Genderfluid
195,Arv,Kilrow,akilrow5e@nps.gov,Male
196,Shaine,Guerro,sguerro5f@ehow.com,Male
197,Kial,Lieber,klieber5g@irs.gov,Female
198,Laetitia,Paige,lpaige5h@fc2.com,Female
199,Jessey,Westell,jwestell5i@sakura.ne.jp,Male
200,Carolan,Peppin,cpeppin5j@vimeo.com,Female
201,Trix,Durston,tdurston5k@posterous.com,Female
202,Dodie,Montrose,dmontrose5l@economist.com,Female
203,Laverne,Giamo,lgiamo5m@histats.com,Female
204,Bobette,Skade,bskade5n@ycombinator.com,Female
205,Reagan,VanBrugh,rvanbrugh5o@list-manage.com,Male
206,Josefa,Swadlinge,jswadlinge5p@hostgator.com,Female
207,Hartley,Eberz,heberz5q@nps.gov,Male
208,Marguerite,Cullington,mcullington5r@infoseek.co.jp,Genderfluid
209,Clari,Gamlin,cgamlin5s@google.pl,Female
210,Vincenz,Keyhoe,vkeyhoe5t@mediafire.com,Male
211,Merrill,Keaveny,mkeaveny5u@berkeley.edu,Male
212,Ewan,Weatherell,eweatherell5v@tripadvisor.com,Male
213,Arlen,Rosle,arosle5w@discovery.com,Male
214,Obadiah,Stuer,ostuer5x@yahoo.co.jp,Male
215,Adolph,Nipper,anipper5y@sun.com,Male
216,Rosie,O'Noulane,ronoulane5z@umich.edu,Female
217,Ceil,Wethered,cwethered60@howstuffworks.com,Non-binary
218,Rori,Rollingson,rrollingson61@imgur.com,Female
219,Moria,Banham,mbanham62@narod.ru,Female
220,Biddie,Cumberland,bcumberland63@ocn.ne.jp,Female
221,Teddy,Habbin,thabbin64@homestead.com,Female
222,Rebeka,Kristufek,rkristufek65@ted.com,Female
223,Massimiliano,Hindge,mhindge66@slashdot.org,Male
224,Nicolai,Bruffell,nbruffell67@chron.com,Male
225,Joye,Lonie,jlonie68@stanford.edu,Female
226,Ruprecht,Shilladay,rshilladay69@princeton.edu,Male
227,Gerri,Commusso,gcommusso6a@rediff.com,Female
228,Meg,Nell,mnell6b@vinaora.com,Female
229,Herve,Aucock,haucock6c@xing.com,Male
230,Gran,Lockhart,glockhart6d@epa.gov,Male
231,Nickolai,Garrould,ngarrould6e@lulu.com,Genderfluid
232,Odetta,Spaxman,ospaxman6f@mapy.cz,Female
233,Myer,Galle,mgalle6g@diigo.com,Male
234,Jocelyn,Greenan,jgreenan6h@google.com.br,Female
235,Cassie,Coxall,ccoxall6i@umich.edu,Male
236,Hall,Nalder,hnalder6j@ask.com,Male
237,Terrel,Douche,tdouche6k@sourceforge.net,Male
238,Hughie,Rowett,hrowett6l@redcross.org,Genderqueer
239,Basile,Pigney,bpigney6m@cmu.edu,Male
240,Alla,Jachimiak,ajachimiak6n@networksolutions.com,Female
241,Christiana,Carverhill,ccarverhill6o@addthis.com,Female
242,Gideon,Van Dijk,gvandijk6p@berkeley.edu,Male
243,Immanuel,Dunkirk,idunkirk6q@storify.com,Male
244,Gregor,Dachey,gdachey6r@ihg.com,Male
245,Rutledge,Bowdery,rbowdery6s@cbc.ca,Male
246,Elbert,Hazeldene,ehazeldene6t@netscape.com,Male
247,Worthington,Pulteneye,wpulteneye6u@dropbox.com,Male
248,Sergeant,Chatin,schatin6v@europa.eu,Male
249,Hayward,Beevers,hbeevers6w@spotify.com,Male
250,Burlie,Mansbridge,bmansbridge6x@wordpress.com,Male
251,Ettore,Sibbons,esibbons6y@simplemachines.org,Male
252,Quent,Kolushev,qkolushev6z@japanpost.jp,Male
253,Candis,Flynn,cflynn70@google.co.uk,Female
254,Bobbe,Cochet,bcochet71@mysql.com,Female
255,Tommy,Kelberman,tkelberman72@i2i.jp,Male
256,Hew,Bemlott,hbemlott73@storify.com,Male
257,Barde,De Domenici,bdedomenici74@intel.com,Male
258,Ephraim,Oxterby,eoxterby75@marketwatch.com,Male
259,Evangelia,Fernyhough,efernyhough76@hp.com,Female
260,Teriann,Dibbe,tdibbe77@github.io,Female
261,Pauly,Keatley,pkeatley78@wp.com,Male
262,Kellen,Calabry,kcalabry79@timesonline.co.uk,Male
263,Randie,Matthieson,rmatthieson7a@google.ru,Polygender
264,Dane,Burdfield,dburdfield7b@phoca.cz,Male
265,Verena,Culshaw,vculshaw7c@e-recht24.de,Female
266,Margie,Genthner,mgenthner7d@dion.ne.jp,Female
267,Neils,O'Beirne,nobeirne7e@wikimedia.org,Male
268,Garey,Huett,ghuett7f@tmall.com,Male
269,Brianna,Willoughley,bwilloughley7g@gov.uk,Female
270,Ring,Bover,rbover7h@sun.com,Male
271,Minnaminnie,Peppett,mpeppett7i@samsung.com,Female
272,Maggy,Minnis,mminnis7j@bluehost.com,Female
273,Egor,Thaxter,ethaxter7k@webnode.com,Male
274,Shannon,Pride,spride7l@freewebs.com,Male
275,Letitia,Strangeway,lstrangeway7m@goodreads.com,Female
276,Shaylah,Harbert,sharbert7n@buzzfeed.com,Female
277,Elora,MacAne,emacane7o@feedburner.com,Female
278,Reynard,Tatlow,rtatlow7p@yandex.ru,Male
279,Rayner,Reisin,rreisin7q@fda.gov,Male
280,Ofella,Glasscock,oglasscock7r@sun.com,Female
281,Nanni,Deaville,ndeaville7s@narod.ru,Female
282,Prince,Bargh,pbargh7t@elegantthemes.com,Male
283,Ali,Tolman,atolman7u@cam.ac.uk,Male
284,Bianca,Lindblom,blindblom7v@photobucket.com,Female
285,Antoinette,Puttergill,aputtergill7w@amazon.com,Female
286,Catie,MacKill,cmackill7x@etsy.com,Female
287,Jason,Capey,jcapey7y@cyberchimps.com,Male
288,Tobit,Peterffy,tpeterffy7z@ucla.edu,Male
289,Tammy,Decroix,tdecroix80@ibm.com,Male
290,Dorita,Feasley,dfeasley81@godaddy.com,Female
291,Tracy,Kennerknecht,tkennerknecht82@woothemes.com,Female
292,Donal,Popov,dpopov83@boston.com,Male
293,Carly,Calltone,ccalltone84@sitemeter.com,Female
294,Mallorie,Rheaume,mrheaume85@cargocollective.com,Female
295,Ringo,Lait,rlait86@tiny.cc,Male
296,Dean,Cropton,dcropton87@shop-pro.jp,Male
297,Rochelle,McBayne,rmcbayne88@usatoday.com,Female
298,Tait,Postlewhite,tpostlewhite89@disqus.com,Male
299,Jodie,Burgoine,jburgoine8a@google.nl,Male
300,Elberta,Lantaff,elantaff8b@cornell.edu,Female
301,Gabie,Hugk,ghugk8c@unesco.org,Male
302,Cassondra,Sneezum,csneezum8d@bbc.co.uk,Female
303,Bonita,Ferri,bferri8e@google.cn,Female
304,Berton,de Werk,bdewerk8f@psu.edu,Male
305,Rodolph,Brunton,rbrunton8g@china.com.cn,Male
306,Rodrigo,O'Dunneen,rodunneen8h@indiegogo.com,Male
307,Aleta,Bickerdicke,abickerdicke8i@yale.edu,Female
308,Marve,Ondrak,mondrak8j@mayoclinic.com,Male
309,Dan,Lancetter,dlancetter8k@miibeian.gov.cn,Male
310,Tobias,Fontanet,tfontanet8l@devhub.com,Male
311,Standford,Rabier,srabier8m@house.gov,Male
312,Kesley,Robeson,krobeson8n@reverbnation.com,Female
313,Patton,Hughes,phughes8o@icq.com,Male
314,Tyne,Carmody,tcarmody8p@newyorker.com,Female
315,Glenna,Leyninye,gleyninye8q@woothemes.com,Female
316,Godwin,Dunbobin,gdunbobin8r@yellowbook.com,Male
317,Tommy,Ivanusyev,tivanusyev8s@woothemes.com,Male
318,Pamelina,Maus,pmaus8t@php.net,Female
319,Winfield,Reame,wreame8u@jalbum.net,Male
320,Hildegarde,Yewdell,hyewdell8v@marketwatch.com,Genderfluid
321,Ellerey,Pelling,epelling8w@mashable.com,Male
322,Xymenes,Gilroy,xgilroy8x@is.gd,Non-binary
323,Coriss,Barsby,cbarsby8y@hp.com,Female
324,Nikola,Mees,nmees8z@dailymotion.com,Male
325,Hadrian,Fieldsend,hfieldsend90@multiply.com,Male
326,Theressa,Heugle,theugle91@goo.ne.jp,Female
327,Mufinella,Rielly,mrielly92@huffingtonpost.com,Female
328,Avie,Salerg,asalerg93@hud.gov,Female
329,Geralda,Lehemann,glehemann94@bbb.org,Polygender
330,Justin,Dixey,jdixey95@about.com,Male
331,Pierrette,Jobey,pjobey96@wordpress.com,Female
332,Marrilee,Weekland,mweekland97@ucoz.com,Female
333,Danielle,Caress,dcaress98@adobe.com,Female
334,Kirk,Munslow,kmunslow99@dedecms.com,Male
335,Pace,Cheke,pcheke9a@simplemachines.org,Male
336,Wilburt,Ebbers,webbers9b@stanford.edu,Male
337,Pearce,Gillfillan,pgillfillan9c@bloglovin.com,Polygender
338,Yard,Gamble,ygamble9d@census.gov,Male
339,Tony,Iddison,tiddison9e@shutterfly.com,Male
340,Corilla,Hallatt,challatt9f@dot.gov,Female
341,Nathan,Cutchey,ncutchey9g@omniture.com,Male
342,Bird,Gulleford,bgulleford9h@google.fr,Female
343,Lock,Loads,lloads9i@nih.gov,Genderfluid
344,Magdalene,Alvey,malvey9j@ft.com,Female
345,Zebulon,Wathall,zwathall9k@imgur.com,Male
346,Felipe,Gianolo,fgianolo9l@goo.gl,Male
347,Miriam,Unworth,munworth9m@ycombinator.com,Female
348,Corbie,Busby,cbusby9n@csmonitor.com,Male
349,Moe,Errowe,merrowe9o@msu.edu,Male
350,Judi,Camings,jcamings9p@ucoz.ru,Female
351,Scarface,Dumini,sdumini9q@buzzfeed.com,Male
352,Layney,Mattke,lmattke9r@list-manage.com,Female
353,Raf,Jaquemar,rjaquemar9s@123-reg.co.uk,Female
354,Lena,Algore,lalgore9t@fastcompany.com,Female
355,Lorrie,Hammer,lhammer9u@loc.gov,Female
356,Darby,Ollivier,dollivier9v@dagondesign.com,Male
357,Panchito,Woodyer,pwoodyer9w@globo.com,Male
358,Karlee,Axup,kaxup9x@time.com,Female
359,Felic,Mews,fmews9y@example.com,Male
360,Robyn,Guilleton,rguilleton9z@ebay.com,Female
361,Skye,Smeeton,ssmeetona0@xinhuanet.com,Genderfluid
362,Rozelle,Ellams,rellamsa1@mail.ru,Female
363,Kameko,Housaman,khousamana2@sitemeter.com,Female
364,Hetti,Parker,hparkera3@zdnet.com,Female
365,Armando,Adnet,aadneta4@pen.io,Male
366,Axe,Gretton,agrettona5@exblog.jp,Male
367,Gilli,McCahill,gmccahilla6@pbs.org,Polygender
368,Dagmar,Courcey,dcourceya7@ibm.com,Female
369,Dougie,Ollenbuttel,dollenbuttela8@flavors.me,Male
370,Kaspar,Zaple,kzaplea9@virginia.edu,Male
371,Arthur,Choke,achokeaa@google.cn,Male
372,Eldredge,Litterick,elitterickab@domainmarket.com,Male
373,Licha,Garnar,lgarnarac@shinystat.com,Female
374,Desi,Tollet,dtolletad@bing.com,Male
375,Korry,Carillo,kcarilloae@marketwatch.com,Female
376,Court,Hynd,chyndaf@github.io,Male
377,Jessica,Jannings,jjanningsag@squarespace.com,Female
378,Neila,Carnell,ncarnellah@youku.com,Female
379,Massimiliano,Lavalde,mlavaldeai@foxnews.com,Male
380,Chloette,Headrick,cheadrickaj@shop-pro.jp,Female
381,Ceciley,Fogel,cfogelak@typepad.com,Female
382,Rebeca,Eldridge,reldridgeal@hc360.com,Female
383,Ferne,Birtchnell,fbirtchnellam@technorati.com,Female
384,Arlen,Claire,aclairean@rediff.com,Male
385,Nance,Pace,npaceao@geocities.jp,Female
386,Nanon,MacMaster,nmacmasterap@nymag.com,Female
387,Erminia,Petrak,epetrakaq@telegraph.co.uk,Female
388,Golda,Tenpenny,gtenpennyar@addthis.com,Female
389,Iggy,Daton,idatonas@ted.com,Male
390,Brendon,Dearnly,bdearnlyat@cocolog-nifty.com,Male
391,Aldwin,Shoard,ashoardau@jigsy.com,Male
392,Robbie,Senechault,rsenechaultav@state.tx.us,Female
393,Teddi,Ratcliffe,tratcliffeaw@gizmodo.com,Female
394,Danielle,Francioli,dfrancioliax@acquirethisname.com,Female
395,Maurene,Grzegorzewski,mgrzegorzewskiay@vk.com,Female
396,Betty,Dunstan,bdunstanaz@blinklist.com,Female
397,Ingaberg,Verriour,iverriourb0@cbslocal.com,Female
398,Nertie,Barroux,nbarrouxb1@alibaba.com,Female
399,Fina,Kildale,fkildaleb2@msn.com,Female
400,Ofelia,Armstrong,oarmstrongb3@hostgator.com,Female
401,Jessalin,McAusland,jmcauslandb4@nih.gov,Female
402,Theresina,Learie,tlearieb5@marriott.com,Female
403,Elisabetta,Barfield,ebarfieldb6@sfgate.com,Female
404,Moll,Sellar,msellarb7@ehow.com,Female
405,Even,Buard,ebuardb8@nymag.com,Male
406,Micheil,Wybron,mwybronb9@apple.com,Bigender
407,Pippy,Blamire,pblamireba@cam.ac.uk,Female
408,Karisa,Elsworth,kelsworthbb@shareasale.com,Female
409,Gannie,Lyptrade,glyptradebc@creativecommons.org,Male
410,Elspeth,Ansty,eanstybd@imdb.com,Female
411,Yorker,Blinckhorne,yblinckhornebe@microsoft.com,Male
412,Mabel,Davitti,mdavittibf@photobucket.com,Female
413,Yovonnda,Crossingham,ycrossinghambg@about.com,Female
414,Gannon,Duferie,gduferiebh@skyrock.com,Male
415,Gilda,Cheater,gcheaterbi@gmpg.org,Female
416,Randy,Yellowlees,ryellowleesbj@so-net.ne.jp,Female
417,Lothario,Tapsell,ltapsellbk@noaa.gov,Male
418,Sammie,Hurling,shurlingbl@nationalgeographic.com,Male
419,Gibby,Mosco,gmoscobm@princeton.edu,Male
420,Genevieve,Bourthouloume,gbourthouloumebn@google.co.uk,Female
421,Adaline,Chetter,achetterbo@ihg.com,Female
422,Hewett,Laxe,hlaxebp@tmall.com,Bigender
423,Onida,Going,ogoingbq@reddit.com,Female
424,Christine,Glandon,cglandonbr@state.gov,Non-binary
425,Lazar,Ivie,liviebs@webnode.com,Male
426,Maison,Barnfather,mbarnfatherbt@amazonaws.com,Male
427,Niles,Yielding,nyieldingbu@cnn.com,Male
428,Berke,Jendrys,bjendrysbv@go.com,Male
429,Faustine,Askie,faskiebw@dailymail.co.uk,Female
430,Zaria,Van den Hof,zvandenhofbx@scribd.com,Female
431,Lusa,Malling,lmallingby@squidoo.com,Genderqueer
432,Pier,Turland,pturlandbz@de.vu,Female
433,Midge,Dovington,mdovingtonc0@de.vu,Female
434,Kaspar,Aldcorn,kaldcornc1@linkedin.com,Male
435,Maire,Jemison,mjemisonc2@google.cn,Female
436,Jerry,Delleschi,jdelleschic3@simplemachines.org,Female
437,Nichole,Breydin,nbreydinc4@macromedia.com,Male
438,Pierre,Winsiowiecki,pwinsiowieckic5@weibo.com,Male
439,Tanhya,Mansfield,tmansfieldc6@answers.com,Female
440,Ky,Vogel,kvogelc7@google.it,Male
441,Bennett,Wray,bwrayc8@ameblo.jp,Male
442,Nissa,MacGrath,nmacgrathc9@va.gov,Female
443,Querida,Jeschner,qjeschnerca@edublogs.org,Female
444,Alvira,Burwood,aburwoodcb@soundcloud.com,Female
445,Kara,Schukraft,kschukraftcc@csmonitor.com,Female
446,Wernher,Cervantes,wcervantescd@macromedia.com,Male
447,Jonas,Stookes,jstookesce@google.de,Male
448,Daune,Keech,dkeechcf@booking.com,Female
449,Wyatan,Trowbridge,wtrowbridgecg@patch.com,Male
450,Toma,Hathorn,thathornch@discuz.net,Female
451,Shea,Sconce,ssconceci@discuz.net,Male
452,Sigismund,Abriani,sabrianicj@ftc.gov,Male
453,Helge,Creavan,hcreavanck@sciencedirect.com,Female
454,Marris,McDell,mmcdellcl@yandex.ru,Female
455,Tobie,Kleinmann,tkleinmanncm@europa.eu,Male
456,Cortie,Camelin,ccamelincn@army.mil,Male
457,Gusty,Okroy,gokroyco@elpais.com,Female
458,Katherine,Tutin,ktutincp@squidoo.com,Female
459,Dennie,Darridon,ddarridoncq@seattletimes.com,Male
460,Willis,Judkins,wjudkinscr@microsoft.com,Male
461,Gerome,O'Keevan,gokeevancs@scribd.com,Male
462,Irwinn,Beacham,ibeachamct@xrea.com,Male
463,Aloin,O'Kynsillaghe,aokynsillaghecu@nationalgeographic.com,Male
464,Wallis,Falloon,wfallooncv@bing.com,Female
465,Cami,Mountney,cmountneycw@cbslocal.com,Female
466,Odelia,Tenbrug,otenbrugcx@zimbio.com,Female
467,Raffarty,Tomsa,rtomsacy@amazon.co.jp,Male
468,Lorne,Swindle,lswindlecz@mapy.cz,Male
469,Marielle,Bourdas,mbourdasd0@unblog.fr,Female
470,Jaymie,Heart,jheartd1@bandcamp.com,Genderqueer
471,Lauren,Adamsky,ladamskyd2@symantec.com,Female
472,Farleigh,Kordes,fkordesd3@samsung.com,Male
473,Livia,O'Duggan,loduggand4@xrea.com,Female
474,Jarad,McCaighey,jmccaigheyd5@businessinsider.com,Male
475,Bonni,Brettel,bbretteld6@twitpic.com,Agender
476,Rik,Eusden,reusdend7@mac.com,Male
477,Ermin,Carlens,ecarlensd8@fotki.com,Male
478,Frieda,Attrie,fattried9@wp.com,Female
479,Danila,Playle,dplayleda@tripadvisor.com,Female
480,Prentice,Sieghard,psiegharddb@moonfruit.com,Male
481,Darbee,Franscioni,dfranscionidc@seesaa.net,Male
482,Benedikt,Dickon,bdickondd@amazon.co.jp,Male
483,Lucky,Hryniewicki,lhryniewickide@tripadvisor.com,Female
484,Goddard,Powderham,gpowderhamdf@spiegel.de,Male
485,Pietro,McCurt,pmccurtdg@tinyurl.com,Agender
486,Elmira,Bettenson,ebettensondh@epa.gov,Female
487,Jessica,Dorow,jdorowdi@mediafire.com,Female
488,Melloney,Manilo,mmanilodj@aboutads.info,Female
489,Graig,Anstee,gansteedk@odnoklassniki.ru,Agender
490,Hillary,Rumbellow,hrumbellowdl@utexas.edu,Female
491,Allister,Pedler,apedlerdm@marriott.com,Male
492,Codi,Larman,clarmandn@chronoengine.com,Male
493,Gabby,Warlowe,gwarlowedo@lulu.com,Male
494,Christos,Rapin,crapindp@exblog.jp,Male
495,Alexandre,Raoult,araoultdq@amazon.de,Male
496,Car,McMychem,cmcmychemdr@comcast.net,Male
497,Hadrian,Pettipher,hpettipherds@tiny.cc,Agender
498,Bartie,Rraundl,brraundldt@intel.com,Male
499,Julieta,Kilcullen,jkilcullendu@etsy.com,Female
500,Shanta,Paling,spalingdv@washingtonpost.com,Non-binary
501,Ruby,Bodell,rbodelldw@nature.com,Male
502,Vachel,Beaves,vbeavesdx@businessweek.com,Male
503,Elli,O'Doherty,eodohertydy@unesco.org,Non-binary
504,Farra,Deetlof,fdeetlofdz@dmoz.org,Female
505,Eb,Balassi,ebalassie0@over-blog.com,Male
506,Ulric,Kohnen,ukohnene1@unesco.org,Male
507,Norry,Winder,nwindere2@nature.com,Agender
508,Mathe,Elloway,mellowaye3@yolasite.com,Male
509,Manuel,Kahn,mkahne4@aboutads.info,Male
510,Fran,Mulbry,fmulbrye5@opera.com,Female
511,Else,Arsnell,earsnelle6@people.com.cn,Female
512,Hieronymus,Marques,hmarquese7@people.com.cn,Male
513,Raviv,Bickerstaff,rbickerstaffe8@nps.gov,Bigender
514,Ilsa,Mouatt,imouatte9@mayoclinic.com,Female
515,Bernie,Macken,bmackenea@e-recht24.de,Female
516,Clarisse,McFie,cmcfieeb@mapquest.com,Female
517,Georges,Bolus,gbolusec@unesco.org,Male
518,Bryce,Headly,bheadlyed@wired.com,Male
519,Belvia,Couttes,bcouttesee@harvard.edu,Female
520,Ailey,Witherden,awitherdenef@imdb.com,Polygender
521,Tatiana,Heyward,theywardeg@flickr.com,Female
522,Susette,Physick,sphysickeh@comcast.net,Female
523,Jermaine,Daysh,jdayshei@phpbb.com,Female
524,Ronda,Neno,rnenoej@marriott.com,Female
525,Ryann,Maffin,rmaffinek@auda.org.au,Female
526,Koren,Fischer,kfischerel@chronoengine.com,Female
527,Jemie,Stowell,jstowellem@oakley.com,Female
528,Portia,Djurdjevic,pdjurdjevicen@msn.com,Female
529,Morris,Duberry,mduberryeo@state.gov,Male
530,Bertie,Ilyinski,bilyinskiep@is.gd,Female
531,Evin,Zellmer,ezellmereq@wp.com,Male
532,Jordanna,Lavin,jlaviner@tuttocitta.it,Female
533,Jolynn,Dumingo,jdumingoes@arstechnica.com,Female
534,Othilia,Scholfield,oscholfieldet@amazon.co.jp,Female
535,Elvin,Farnin,efarnineu@cargocollective.com,Male
536,Arlen,Giffin,agiffinev@eepurl.com,Female
537,Carolynn,McClaughlin,cmcclaughlinew@yellowbook.com,Female
538,Koo,Savoury,ksavouryex@icio.us,Female
539,Estevan,Hartlebury,ehartleburyey@who.int,Male
540,Joly,Ure,jureez@washington.edu,Female
541,Georgeanne,Garnar,ggarnarf0@ihg.com,Female
542,Roxana,Mountford,rmountfordf1@gov.uk,Female
543,Karalynn,Tixall,ktixallf2@bigcartel.com,Female
544,Barney,Silverson,bsilversonf3@guardian.co.uk,Male
545,Denni,Arnau,darnauf4@1und1.de,Female
546,Silvanus,Moncrieffe,smoncrieffef5@bloglovin.com,Male
547,Sonnie,McCrackan,smccrackanf6@cyberchimps.com,Female
548,Pascale,Pfaffel,ppfaffelf7@umich.edu,Male
549,Omero,Thonger,othongerf8@mlb.com,Male
550,Roland,Novis,rnovisf9@ezinearticles.com,Male
551,Leo,Pilipyak,lpilipyakfa@eepurl.com,Male
552,Erhard,Ruddiforth,eruddiforthfb@canalblog.com,Male
553,Bearnard,Johananoff,bjohananofffc@nature.com,Male
554,Ralph,Rintoul,rrintoulfd@indiegogo.com,Male
555,Samuele,Hands,shandsfe@telegraph.co.uk,Male
556,Ameline,Imlacke,aimlackeff@cocolog-nifty.com,Female
557,Hali,Ruddle,hruddlefg@paginegialle.it,Female
558,Ashley,Trays,atraysfh@dagondesign.com,Female
559,Moira,McGibbon,mmcgibbonfi@washington.edu,Female
560,Elfreda,MacGowing,emacgowingfj@virginia.edu,Female
561,Morgan,Convery,mconveryfk@abc.net.au,Female
562,Palmer,Thomazin,pthomazinfl@odnoklassniki.ru,Non-binary
563,Tricia,De Zuani,tdezuanifm@google.ru,Female
564,Harmonia,Drain,hdrainfn@tripadvisor.com,Female
565,Arly,Naris,anarisfo@berkeley.edu,Female
566,Josie,Humblestone,jhumblestonefp@yelp.com,Female
567,Devonna,Trippett,dtrippettfq@answers.com,Female
568,Ailsun,O'Hederscoll,aohederscollfr@blogger.com,Female
569,Abrahan,Speares,aspearesfs@live.com,Polygender
570,Charlton,Dring,cdringft@xinhuanet.com,Bigender
571,Willem,Newell,wnewellfu@plala.or.jp,Male
572,Gipsy,Acum,gacumfv@com.com,Female
573,Saree,Potteridge,spotteridgefw@vinaora.com,Female
574,Abran,Esilmon,aesilmonfx@digg.com,Male
575,Thekla,Samter,tsamterfy@netscape.com,Female
576,Mannie,Champain,mchampainfz@domainmarket.com,Male
577,Carlyn,Raden,cradeng0@51.la,Female
578,Lauraine,MacNelly,lmacnellyg1@ox.ac.uk,Female
579,Cheston,Dunseath,cdunseathg2@indiatimes.com,Male
580,Gilda,Filipson,gfilipsong3@alibaba.com,Female
581,Moe,Twatt,mtwattg4@bravesites.com,Male
582,Jo-anne,Guerra,jguerrag5@ft.com,Polygender
583,Sallee,Bradley,sbradleyg6@freewebs.com,Female
584,Solly,Hess,shessg7@rakuten.co.jp,Male
585,Bebe,Frantz,bfrantzg8@deliciousdays.com,Female
586,Camel,Ravilus,cravilusg9@virginia.edu,Female
587,Janeen,Gianulli,jgianulliga@marketwatch.com,Female
588,Davey,Moring,dmoringgb@soundcloud.com,Male
589,Goran,Yele,gyelegc@stumbleupon.com,Non-binary
590,Harriett,Janos,hjanosgd@smh.com.au,Female
591,Kalindi,Deinhardt,kdeinhardtge@tinypic.com,Female
592,Judah,Crayk,jcraykgf@xing.com,Agender
593,Ringo,Tulloch,rtullochgg@lycos.com,Male
594,Ursula,Wysome,uwysomegh@theglobeandmail.com,Female
595,Devinne,Theurer,dtheurergi@ox.ac.uk,Female
596,Brandtr,Hincham,bhinchamgj@freewebs.com,Male
597,Garvin,Scipsey,gscipseygk@instagram.com,Male
598,Karoly,Elsmore,kelsmoregl@google.it,Female
599,Antoine,Francesco,afrancescogm@comsenz.com,Male
600,Kimmie,McKibbin,kmckibbingn@opensource.org,Female
601,Melicent,Gemson,mgemsongo@skype.com,Female
602,Barbra,Corter,bcortergp@mapquest.com,Female
603,Calypso,Edscer,cedscergq@howstuffworks.com,Female
604,Maura,Mairs,mmairsgr@yolasite.com,Female
605,Trey,Artindale,tartindalegs@dyndns.org,Male
606,Clevey,Erat,ceratgt@sfgate.com,Male
607,Wye,Rawood,wrawoodgu@ovh.net,Male
608,Sheppard,McTurley,smcturleygv@unicef.org,Male
609,Milka,Kerfut,mkerfutgw@1688.com,Female
610,Miriam,Allebone,mallebonegx@dropbox.com,Female
611,Nickie,Markwelley,nmarkwelleygy@mysql.com,Male
612,Dolli,Flaubert,dflaubertgz@yahoo.com,Female
613,Carma,Calway,ccalwayh0@webeden.co.uk,Female
614,Vinnie,McAllaster,vmcallasterh1@sourceforge.net,Male
615,Carena,Ramelet,crameleth2@whitehouse.gov,Female
616,Andras,Veal,avealh3@unicef.org,Male
617,Shina,Bewlie,sbewlieh4@tamu.edu,Female
618,Giovanni,Rickeard,grickeardh5@weebly.com,Male
619,Hilary,Dyne,hdyneh6@craigslist.org,Male
620,Ardyce,Cadlock,acadlockh7@delicious.com,Female
621,Jonathon,Giacobillo,jgiacobilloh8@nyu.edu,Male
622,Pooh,Cocke,pcockeh9@chronoengine.com,Male
623,Lindsay,Cansdale,lcansdaleha@parallels.com,Agender
624,Elfie,Shillitoe,eshillitoehb@seattletimes.com,Female
625,Algernon,Normand,anormandhc@techcrunch.com,Male
626,Ronny,Glackin,rglackinhd@instagram.com,Male
627,Dorene,Ossipenko,dossipenkohe@google.de,Female
628,Winny,Darley,wdarleyhf@hibu.com,Agender
629,Davon,Jilliss,djillisshg@acquirethisname.com,Male
630,Giralda,Kildea,gkildeahh@latimes.com,Female
631,Sallyanne,Coners,sconershi@blogspot.com,Genderfluid
632,Robin,Readwin,rreadwinhj@symantec.com,Male
633,Conant,Loughan,cloughanhk@bandcamp.com,Male
634,Desmond,Adel,dadelhl@deliciousdays.com,Male
635,Hilarius,Yakobovitz,hyakobovitzhm@admin.ch,Male
636,Johnathon,Bulteel,jbulteelhn@yellowbook.com,Male
637,Lissa,Burril,lburrilho@tiny.cc,Female
638,Gretchen,Levet,glevethp@miibeian.gov.cn,Genderfluid
639,Ezra,Balcon,ebalconhq@google.nl,Male
640,Zea,Huby,zhubyhr@princeton.edu,Female
641,Harmon,Gerson,hgersonhs@illinois.edu,Male
642,Theda,Postlewhite,tpostlewhiteht@newyorker.com,Female
643,Darryl,Karel,dkarelhu@smugmug.com,Non-binary
644,Stavros,MacKettrick,smackettrickhv@berkeley.edu,Genderfluid
645,Carmine,Ludmann,cludmannhw@moonfruit.com,Female
646,Gustavus,Westoff,gwestoffhx@tmall.com,Male
647,Melitta,Nott,mnotthy@sina.com.cn,Female
648,Yard,Birkmyre,ybirkmyrehz@google.ca,Male
649,Ulrike,De La Hay,udelahayi0@nba.com,Female
650,Sibylla,Dilger,sdilgeri1@nba.com,Female
651,Marco,Reedshaw,mreedshawi2@elegantthemes.com,Male
652,Nicol,Lindgren,nlindgreni3@ted.com,Female
653,Ophelia,Crampton,ocramptoni4@nytimes.com,Genderqueer
654,Stephanus,Glantz,sglantzi5@jalbum.net,Male
655,Vince,Beckwith,vbeckwithi6@upenn.edu,Male
656,Irvine,Ghiroldi,ighiroldii7@example.com,Male
657,Gradeigh,Pitsall,gpitsalli8@salon.com,Male
658,Shell,Silkstone,ssilkstonei9@tamu.edu,Female
659,Hakim,Jennaway,hjennawayia@yelp.com,Male
660,Denys,Delahunt,ddelahuntib@liveinternet.ru,Female
661,Eolande,Sandlin,esandlinic@cam.ac.uk,Female
662,Clemmy,Redshaw,credshawid@adobe.com,Male
663,Frankie,Aird,fairdie@narod.ru,Female
664,Nelson,Farguhar,nfarguharif@so-net.ne.jp,Male
665,Ker,Imlen,kimlenig@w3.org,Non-binary
666,Vernen,Redley,vredleyih@pinterest.com,Male
667,Gard,Playle,gplayleii@yolasite.com,Male
668,Osbourne,Bidewell,obidewellij@illinois.edu,Male
669,Constantine,Wakley,cwakleyik@tripod.com,Female
670,Carmina,Sabathe,csabatheil@tripod.com,Female
671,Michaelina,Guilder,mguilderim@ebay.com,Female
672,Carolann,Dinwoodie,cdinwoodiein@omniture.com,Female
673,Orland,Craiker,ocraikerio@xrea.com,Agender
674,Godfry,Dast,gdastip@hostgator.com,Agender
675,Tristan,Petrol,tpetroliq@posterous.com,Genderfluid
676,Edyth,Gomer,egomerir@csmonitor.com,Female
677,Sasha,Ciottoi,sciottoiis@prweb.com,Female
678,Olly,Swancott,oswancottit@nbcnews.com,Male
679,Margot,Camden,mcamdeniu@aboutads.info,Female
680,Cordula,Mattusov,cmattusoviv@addtoany.com,Female
681,Lea,Winspeare,lwinspeareiw@tripadvisor.com,Female
682,Ricard,Prandini,rprandiniix@cafepress.com,Male
683,Libbi,Wallwood,lwallwoodiy@istockphoto.com,Female
684,Ruddie,Simonato,rsimonatoiz@bloglovin.com,Male
685,Kennedy,Grassi,kgrassij0@sogou.com,Male
686,Tobe,Vallentin,tvallentinj1@spotify.com,Male
687,Lelah,Yes,lyesj2@washington.edu,Female
688,Urbain,Brosini,ubrosinij3@yale.edu,Male
689,Kimmy,Spalton,kspaltonj4@360.cn,Polygender
690,Wallace,Stroband,wstrobandj5@businessinsider.com,Male
691,Izak,Baffin,ibaffinj6@nationalgeographic.com,Male
692,Charlot,Kilmister,ckilmisterj7@harvard.edu,Female
693,Elene,Woodings,ewoodingsj8@ovh.net,Female
694,Roxi,Yeates,ryeatesj9@posterous.com,Female
695,Kirsti,Walton,kwaltonja@bloglines.com,Female
696,Amos,Feak,afeakjb@noaa.gov,Male
697,Jasper,Klemmt,jklemmtjc@ustream.tv,Male
698,Lin,Jendas,ljendasjd@simplemachines.org,Male
699,Godart,Goude,ggoudeje@pbs.org,Male
700,Grenville,Graser,ggraserjf@oaic.gov.au,Male
701,Duke,Chainey,dchaineyjg@scientificamerican.com,Male
702,Kala,Pietesch,kpieteschjh@ted.com,Female
703,Sabra,Duddan,sduddanji@dion.ne.jp,Female
704,Joella,Sandyfirth,jsandyfirthjj@etsy.com,Female
705,Honoria,Corneille,hcorneillejk@stanford.edu,Female
706,Brandise,Jeffry,bjeffryjl@1und1.de,Female
707,Nanete,McLice,nmclicejm@seesaa.net,Female
708,Ernest,Raubenheimer,eraubenheimerjn@nbcnews.com,Male
709,Bryon,Stalley,bstalleyjo@networkadvertising.org,Male
710,Lilah,Salzberger,lsalzbergerjp@friendfeed.com,Female
711,Wait,Drover,wdroverjq@wikimedia.org,Male
712,Annnora,Nutten,anuttenjr@prweb.com,Female
713,Clive,Cayzer,ccayzerjs@webeden.co.uk,Bigender
714,Odo,Sugar,osugarjt@adobe.com,Male
715,Dylan,Wildes,dwildesju@umich.edu,Male
716,Angil,Ferrillo,aferrillojv@t-online.de,Female
717,Cecilius,Dahlgren,cdahlgrenjw@dot.gov,Genderqueer
718,Agathe,Fitzackerley,afitzackerleyjx@washingtonpost.com,Polygender
719,Benji,Main,bmainjy@phpbb.com,Male
720,Boycie,Beavan,bbeavanjz@prlog.org,Male
721,Julian,Obert,jobertk0@elpais.com,Male
722,Hildegarde,Cockin,hcockink1@sitemeter.com,Female
723,Aurelia,Benediktsson,abenediktssonk2@biblegateway.com,Female
724,Tobi,Kuschek,tkuschekk3@pen.io,Female
725,Fairleigh,Lordon,flordonk4@dmoz.org,Male
726,Yardley,Giotto,ygiottok5@hhs.gov,Male
727,Gordon,Terrey,gterreyk6@msn.com,Agender
728,Lia,Ogborne,logbornek7@multiply.com,Female
729,Desirae,Ilyasov,dilyasovk8@google.com.au,Female
730,Ethan,Peert,epeertk9@multiply.com,Male
731,Marjorie,Burren,mburrenka@cpanel.net,Female
732,Trescha,Landsbury,tlandsburykb@amazonaws.com,Female
733,Berkley,Valeri,bvalerikc@tumblr.com,Male
734,Fionna,Davidovici,fdavidovicikd@sbwire.com,Female
735,Cathy,Sheather,csheatherke@mit.edu,Female
736,Milton,Portinari,mportinarikf@hud.gov,Male
737,Florenza,Elner,felnerkg@prweb.com,Female
738,Freeland,Gilfillan,fgilfillankh@squidoo.com,Male
739,Myrna,Sigert,msigertki@msn.com,Female
740,Guido,Behneke,gbehnekekj@barnesandnoble.com,Male
741,Tiffie,Peasgood,tpeasgoodkk@imageshack.us,Polygender
742,Desmond,Balaizot,dbalaizotkl@slate.com,Male
743,Arvy,Sphinxe,asphinxekm@cdbaby.com,Male
744,Tymon,Possel,tposselkn@so-net.ne.jp,Non-binary
745,Sileas,Rosa,srosako@unc.edu,Female
746,Tymothy,Garman,tgarmankp@samsung.com,Male
747,Ferne,Waight,fwaightkq@epa.gov,Female
748,Nathalie,Showte,nshowtekr@paypal.com,Female
749,Edvard,Del Checolo,edelchecoloks@ebay.com,Male
750,Burl,Lankford,blankfordkt@aboutads.info,Male
751,Mandy,Langridge,mlangridgeku@shinystat.com,Female
752,Neille,Vodden,nvoddenkv@gnu.org,Female
753,Norbie,Decourcy,ndecourcykw@cafepress.com,Male
754,Donielle,Balasin,dbalasinkx@shutterfly.com,Female
755,Seward,Bemment,sbemmentky@europa.eu,Agender
756,Richmound,Corser,rcorserkz@rediff.com,Male
757,Augie,Eggle,aegglel0@marriott.com,Male
758,Rycca,Gillogley,rgillogleyl1@lycos.com,Female
759,Berty,Henrion,bhenrionl2@economist.com,Male
760,Leighton,Garrard,lgarrardl3@furl.net,Male
761,Marsha,Flawn,mflawnl4@whitehouse.gov,Female
762,Malissia,Duffett,mduffettl5@addthis.com,Female
763,Dorian,Yankeev,dyankeevl6@umn.edu,Female
764,Magdalena,Gavigan,mgaviganl7@virginia.edu,Female
765,Winnah,McQuillan,wmcquillanl8@dagondesign.com,Female
766,Renaldo,Van Rembrandt,rvanrembrandtl9@biglobe.ne.jp,Male
767,Deloria,Fear,dfearla@va.gov,Genderfluid
768,Ana,Ledwith,aledwithlb@yahoo.co.jp,Female
769,Dix,Craighill,dcraighilllc@people.com.cn,Female
770,Enid,O'Day,eodayld@ustream.tv,Female
771,Bucky,Airth,bairthle@patch.com,Male
772,Aggi,Zamora,azamoralf@princeton.edu,Female
773,Wilma,Skellington,wskellingtonlg@washington.edu,Female
774,Reinhard,Draxford,rdraxfordlh@fda.gov,Male
775,Licha,Barrasse,lbarrasseli@nih.gov,Polygender
776,Georgeta,Considine,gconsidinelj@phpbb.com,Female
777,Kitty,Probets,kprobetslk@macromedia.com,Female
778,Tremayne,Gallafant,tgallafantll@nba.com,Male
779,Faber,Garroway,fgarrowaylm@plala.or.jp,Bigender
780,Joel,Forlong,jforlongln@berkeley.edu,Male
781,Eben,Hawsby,ehawsbylo@usatoday.com,Genderfluid
782,Murdock,Volks,mvolkslp@google.com.au,Male
783,Edgar,Grinval,egrinvallq@sphinn.com,Male
784,Lew,Kosiada,lkosiadalr@hao123.com,Male
785,Car,Spick,cspickls@gizmodo.com,Polygender
786,Warden,Blanpein,wblanpeinlt@g.co,Male
787,Charita,Voisey,cvoiseylu@cnbc.com,Female
788,Niki,Coll,ncolllv@howstuffworks.com,Male
789,Rona,Sattin,rsattinlw@google.cn,Non-binary
790,Elaine,Bader,ebaderlx@mashable.com,Female
791,Emylee,Norster,enorsterly@unicef.org,Female
792,Manfred,Tidridge,mtidridgelz@cbslocal.com,Male
793,Raphael,Arnhold,rarnholdm0@chron.com,Polygender
794,Ilka,Gateman,igatemanm1@irs.gov,Female
795,Randolph,De Dei,rdedeim2@auda.org.au,Male
796,Glen,Gatty,ggattym3@technorati.com,Male
797,Flo,Maddigan,fmaddiganm4@prweb.com,Non-binary
798,Garv,Habershaw,ghabershawm5@senate.gov,Male
799,Dominik,Lymer,dlymerm6@cbsnews.com,Male
800,Darcie,Menpes,dmenpesm7@yahoo.com,Female
801,Haily,Durning,hdurningm8@reverbnation.com,Male
802,Margi,Guiel,mguielm9@ucoz.ru,Female
803,Saunders,Caldecutt,scaldecuttma@quantcast.com,Male
804,Farlie,Reyna,freynamb@walmart.com,Male
805,Ellen,Duffit,eduffitmc@cargocollective.com,Female
806,Roderic,Rambaut,rrambautmd@unblog.fr,Male
807,Harry,Ruter,hruterme@naver.com,Male
808,Gretchen,Dudgeon,gdudgeonmf@unblog.fr,Female
809,Marcela,Roxby,mroxbymg@4shared.com,Agender
810,Roddie,Pigot,rpigotmh@alexa.com,Agender
811,Freddy,Gasker,fgaskermi@phoca.cz,Female
812,Berni,Ruddock,bruddockmj@miibeian.gov.cn,Female
813,Robyn,Adel,radelmk@hibu.com,Female
814,Niven,Bethune,nbethuneml@state.gov,Male
815,Armando,Laughton,alaughtonmm@i2i.jp,Male
816,Torrey,Vedmore,tvedmoremn@a8.net,Male
817,Kristine,Heaven,kheavenmo@webnode.com,Female
818,Alejandro,Phant,aphantmp@soup.io,Male
819,Barris,Lammin,blamminmq@quantcast.com,Male
820,Gina,Lippett,glippettmr@gmpg.org,Female
821,Moselle,Delacour,mdelacourms@msn.com,Female
822,Tull,Chiene,tchienemt@last.fm,Male
823,Brynn,Phelan,bphelanmu@blinklist.com,Female
824,Rowan,Snalham,rsnalhammv@omniture.com,Male
825,Tatiana,Welling,twellingmw@alexa.com,Female
826,Anya,Ding,adingmx@cdc.gov,Female
827,Farrand,Hickinbottom,fhickinbottommy@scribd.com,Female
828,Lexy,Mockett,lmockettmz@google.com.br,Female
829,Nara,Meadows,nmeadowsn0@redcross.org,Female
830,Slade,Milland,smillandn1@ihg.com,Male
831,Jodee,Vanyard,jvanyardn2@prweb.com,Female
832,Shadow,Boyack,sboyackn3@myspace.com,Agender
833,Jacki,Kahn,jkahnn4@nih.gov,Female
834,Ivette,Lonergan,ilonergann5@privacy.gov.au,Polygender
835,Leonidas,Gommey,lgommeyn6@prweb.com,Male
836,Sadye,Bendare,sbendaren7@discovery.com,Female
837,Thoma,Densey,tdenseyn8@yahoo.com,Male
838,Murry,Raimbauld,mraimbauldn9@bloglines.com,Male
839,Goldie,Bercevelo,gbercevelona@walmart.com,Female
840,Hulda,Bompass,hbompassnb@elegantthemes.com,Female
841,Marlon,Gonsalo,mgonsalonc@mlb.com,Male
842,Robert,Drabble,rdrabblend@tinypic.com,Male
843,Davie,Mangenet,dmangenetne@ustream.tv,Male
844,Holli,Steptow,hsteptownf@mlb.com,Female
845,Ferne,Salliss,fsallissng@jalbum.net,Female
846,Olympe,Townley,otownleynh@nasa.gov,Female
847,Olvan,Slite,osliteni@macromedia.com,Male
848,Hersh,Schimonek,hschimoneknj@oakley.com,Male
849,Aluino,Keyme,akeymenk@timesonline.co.uk,Male
850,Bradly,Bohlje,bbohljenl@forbes.com,Male
851,Edlin,Noto,enotonm@rakuten.co.jp,Genderfluid
852,Courtenay,Conn,cconnnn@kickstarter.com,Female
853,Luce,Shiell,lshiellno@dyndns.org,Male
854,Claudia,Sherred,csherrednp@weather.com,Female
855,Hilary,Bretherton,hbrethertonnq@who.int,Male
856,Gray,Zolini,gzolininr@tumblr.com,Male
857,Bronny,Barks,bbarksns@hugedomains.com,Male
858,Cathee,Barnby,cbarnbynt@hubpages.com,Female
859,Gerti,Mattei,gmatteinu@springer.com,Non-binary
860,Rance,Battle,rbattlenv@multiply.com,Male
861,Kristyn,Litterick,klittericknw@narod.ru,Female
862,Christiane,Feldberger,cfeldbergernx@ifeng.com,Female
863,Row,Giannini,rgiannininy@sakura.ne.jp,Female
864,Kizzee,MacNamara,kmacnamaranz@howstuffworks.com,Female
865,Brandon,Norquoy,bnorquoyo0@columbia.edu,Male
866,Brand,Blower,bblowero1@shutterfly.com,Male
867,Crystie,Atmore,catmoreo2@woothemes.com,Female
868,Genevra,Runnalls,grunnallso3@opensource.org,Female
869,Jada,McLugish,jmclugisho4@example.com,Female
870,Desi,Coundley,dcoundleyo5@issuu.com,Male
871,Ezra,Jimson,ejimsono6@psu.edu,Male
872,Jerome,McQuirk,jmcquirko7@mayoclinic.com,Male
873,Hervey,Aveson,havesono8@google.ru,Male
874,Roxi,Roder,rrodero9@gizmodo.com,Female
875,Dew,Eberle,deberleoa@1und1.de,Agender
876,Blithe,McEntee,bmcenteeob@washingtonpost.com,Female
877,Bronson,Chartres,bchartresoc@cbsnews.com,Male
878,Caresse,Winmill,cwinmillod@gizmodo.com,Female
879,Filippa,Hagan,fhaganoe@altervista.org,Female
880,Tessy,Bowstead,tbowsteadof@a8.net,Female
881,Andrey,Hubeaux,ahubeauxog@craigslist.org,Male
882,Angelo,Ashburne,aashburneoh@dagondesign.com,Male
883,Carlyn,Isbell,cisbelloi@hostgator.com,Bigender
884,Alon,Ovett,aovettoj@europa.eu,Male
885,Sylas,Titt,stittok@harvard.edu,Non-binary
886,Iver,Waddicor,iwaddicorol@meetup.com,Male
887,Avie,Ghelerdini,aghelerdiniom@house.gov,Female
888,Aundrea,Miere,amiereon@howstuffworks.com,Female
889,Marillin,Cordeau],mcordeauoo@sphinn.com,Female
890,Hobard,Fidal,hfidalop@purevolume.com,Male
891,Anabel,Surby,asurbyoq@webs.com,Female
892,Arney,Kettleson,akettlesonor@infoseek.co.jp,Male
893,Cassondra,Colby,ccolbyos@creativecommons.org,Female
894,Berkeley,Thal,bthalot@msu.edu,Male
895,Ozzie,Jephcott,ojephcottou@tumblr.com,Male
896,Reider,Pauncefoot,rpauncefootov@google.com.au,Male
897,Josh,Sam,jsamow@gizmodo.com,Male
898,Harmonia,Gianuzzi,hgianuzziox@unblog.fr,Female
899,Lorant,Pohl,lpohloy@xinhuanet.com,Genderqueer
900,Gladys,Simanek,gsimanekoz@mozilla.com,Female
901,Bride,Van De Cappelle,bvandecappellep0@virginia.edu,Female
902,Francoise,Smullin,fsmullinp1@smugmug.com,Non-binary
903,Francyne,Stillert,fstillertp2@elpais.com,Female
904,Chan,Hillin,chillinp3@webs.com,Male
905,Fanchette,Scud,fscudp4@cafepress.com,Female
906,Ozzy,Murrhaupt,omurrhauptp5@paypal.com,Male
907,Ikey,O' Hogan,iohoganp6@1und1.de,Polygender
908,Lou,Petruska,lpetruskap7@state.gov,Female
909,Leigh,Purvess,lpurvessp8@dagondesign.com,Female
910,Hyacinthie,Drayton,hdraytonp9@addtoany.com,Female
911,Richardo,Scaysbrook,rscaysbrookpa@java.com,Male
912,Sheryl,Attiwill,sattiwillpb@un.org,Female
913,Hermia,Bagster,hbagsterpc@infoseek.co.jp,Female
914,Aubrette,Moultrie,amoultriepd@icq.com,Female
915,Martica,Viant,mviantpe@yale.edu,Female
916,Terrye,Deniscke,tdenisckepf@archive.org,Female
917,Guendolen,Vickress,gvickresspg@wikispaces.com,Female
918,Darcee,Lamden,dlamdenph@tmall.com,Female
919,Manya,Mahady,mmahadypi@discuz.net,Female
920,Alva,Burless,aburlesspj@google.com.br,Male
921,Cliff,Salzberger,csalzbergerpk@howstuffworks.com,Male
922,Findley,Coping,fcopingpl@nbcnews.com,Male
923,Kalvin,Cucuzza,kcucuzzapm@deliciousdays.com,Male
924,Hermina,McAnulty,hmcanultypn@icio.us,Female
925,Cory,Rove,crovepo@mail.ru,Female
926,Aube,Veevers,aveeverspp@ihg.com,Male
927,Sherri,Shewen,sshewenpq@omniture.com,Female
928,Beauregard,Treble,btreblepr@live.com,Male
929,Merola,Tonn,mtonnps@illinois.edu,Female
930,Kim,Glasser,kglasserpt@google.co.jp,Male
931,Davy,Welband,dwelbandpu@reddit.com,Male
932,Courtnay,Salthouse,csalthousepv@guardian.co.uk,Non-binary
933,Colan,Tomasoni,ctomasonipw@theatlantic.com,Male
934,Gerrie,Dinsmore,gdinsmorepx@51.la,Bigender
935,Seamus,Do Rosario,sdorosariopy@squarespace.com,Male
936,Aggy,Geockle,ageocklepz@ebay.com,Female
937,Leon,Cecil,lcecilq0@cbsnews.com,Male
938,Reidar,MacCorkell,rmaccorkellq1@storify.com,Male
939,Lydia,Thirst,lthirstq2@tripod.com,Female
940,Duffy,von Grollmann,dvongrollmannq3@shutterfly.com,Male
941,Garwin,Pinch,gpinchq4@hud.gov,Male
942,Codi,Northidge,cnorthidgeq5@slashdot.org,Male
943,Natalya,Tappin,ntappinq6@abc.net.au,Female
944,Kari,Kilroy,kkilroyq7@yolasite.com,Female
945,Delmar,Elt,deltq8@samsung.com,Male
946,Darelle,Aspole,daspoleq9@bizjournals.com,Female
947,Webster,Walburn,wwalburnqa@netscape.com,Male
948,Darya,Crankshaw,dcrankshawqb@cdbaby.com,Female
949,Yorke,Rattrie,yrattrieqc@ucoz.com,Male
950,Kerianne,Antliff,kantliffqd@barnesandnoble.com,Female
951,Walker,Barbisch,wbarbischqe@parallels.com,Male
952,Georgi,Mace,gmaceqf@mozilla.com,Male
953,Constancy,Scamal,cscamalqg@dot.gov,Female
954,Willis,Vanderplas,wvanderplasqh@alexa.com,Male
955,Mel,Bennett,mbennettqi@microsoft.com,Male
956,Farrah,Vinick,fvinickqj@salon.com,Female
957,Obadias,Shann,oshannqk@devhub.com,Male
958,Michael,Klementz,mklementzql@google.com.au,Male
959,Franz,Abele,fabeleqm@addthis.com,Male
960,Humfrey,Veighey,hveigheyqn@trellian.com,Male
961,Liza,Asquez,lasquezqo@wunderground.com,Female
962,Danya,Nestor,dnestorqp@cafepress.com,Male
963,Adolpho,Osselton,aosseltonqq@dell.com,Male
964,Lucia,Asbrey,lasbreyqr@gov.uk,Genderfluid
965,Edee,Lindenbluth,elindenbluthqs@state.gov,Female
966,Brod,Fernandez,bfernandezqt@furl.net,Male
967,Roth,Oldis,roldisqu@sourceforge.net,Male
968,Betty,Hayworth,bhayworthqv@cafepress.com,Female
969,Linn,Romanski,lromanskiqw@dot.gov,Female
970,Gerty,Rainton,graintonqx@jimdo.com,Female
971,Phillipe,Tinkler,ptinklerqy@reverbnation.com,Male
972,Elle,Forryan,eforryanqz@businesswire.com,Female
973,Brendin,Perview,bperviewr0@mit.edu,Male
974,Sergeant,Stanistrete,sstanistreter1@theglobeandmail.com,Male
975,Nealy,Hoppner,nhoppnerr2@tuttocitta.it,Male
976,Shirlee,Thredder,sthredderr3@ca.gov,Female
977,Neill,Januszewski,njanuszewskir4@webs.com,Male
978,Liam,Malpas,lmalpasr5@shareasale.com,Male
979,Martha,Whyler,mwhylerr6@craigslist.org,Female
980,Holli,D'Ambrogio,hdambrogior7@stumbleupon.com,Female
981,Selinda,Dreng,sdrengr8@hhs.gov,Agender
982,Herb,Coggeshall,hcoggeshallr9@dropbox.com,Genderqueer
983,Guinna,Dibdall,gdibdallra@quantcast.com,Female
984,Roderick,Edmund,redmundrb@ft.com,Male
985,Wye,Trahar,wtraharrc@github.com,Male
986,Mellisent,Gumbley,mgumbleyrd@drupal.org,Female
987,Erinn,Sleight,esleightre@mysql.com,Female
988,Willow,Cockerill,wcockerillrf@squarespace.com,Female
989,Mathilda,Roberto,mrobertorg@livejournal.com,Female
990,Caitrin,Scathard,cscathardrh@mozilla.com,Genderfluid
991,Nickola,Bulger,nbulgerri@foxnews.com,Male
992,Noell,Elstow,nelstowrj@unesco.org,Female
993,Hetty,Treherne,htrehernerk@hostgator.com,Female
994,Samuel,Shucksmith,sshucksmithrl@ifeng.com,Male
995,Gisela,Darlasson,gdarlassonrm@digg.com,Female
996,Faunie,Samart,fsamartrn@mapy.cz,Female
997,Jocko,Venners,jvennersro@cmu.edu,Male
998,Julian,O'Bradane,jobradanerp@umn.edu,Male
999,Ruthie,Hember,rhemberrq@utexas.edu,Female
1000,Nicolis,Coltman,ncoltmanrr@bloglines.com,Male
